{
  "photo_url": "https://images.pexels.com/photos/1036623/pexels-photo-1036623.jpeg?auto=compress&cs=tinysrgb&dpr=2&h=750&w=1260",
  "name": "John Doe",
  "feed": [
    {
      "business_id": "118aff52-df4c-4df4-8e45-9b54c246c10c",
      "business_name": "Your Vet Nurse - Dog Walking & Pet Services",
      "id": "a7503664-bdce-4987-9eb7-2a2297da58d4",
      "images": [
        {
          "url": "http://104.196.63.6/images/2018-09-22_16/1001053_g/faea42327cb62283f2f42157270ebecb_2242139.jpg"
        }
      ]
    },
    {
      "business_id": "118af12122-df4c-4df4-8e45-9b54c246c10c",
      "business_name": "Your Vet Nurse - Dog Walking & Pet Services",
      "id": "a7503664-bdce-4987-9eb7-a2297da58d4",
      "images": [
        {
          "url": "http://104.196.63.6/images/2018-09-22_16/1001053_g/7328607602596e145c96977f12b2e79a_249366.jpg"
        }
      ]
    },
    {
      "business_id": "122ff52-df4c-4df4-8e45-9b54c246c10c",
      "business_name": "Your Vet Nurse - Dog Walking & Pet Services",
      "id": "a7503664-bde-4987-9eb7-2a2297da58d4",
      "images": [
        {
          "url": "http://104.196.63.6/images/2018-09-22_16/1001053_g/faea42327cb62283f2f42157270ebecb_2242139.jpg"
        }
      ]
    }
  ]
}